country,country_code,country_iso,desination_network,sms_rate_in_usd,sms_unit
UNITED KINGDOM,44,GB, United Kingdom-Landline,0.03900,1
AFGHANISTAN,93,AF,Afghanistan-AWCC,0.01000,1
AFGHANISTAN,93,AF,Afghanistan-Etisalat,0.00880,1
AFGHANISTAN,93,AF,Afghanistan-MTN,0.00880,1
AFGHANISTAN,93,AF,Afghanistan-Other,0.01000,1
AFGHANISTAN,93,AF,Afghanistan-ROSHAN,0.00880,1
ALBANIA,355,AL,Albania-AMC,0.01800,1
ALBANIA,355,AL,Albania-Eagle,0.00880,1
ALBANIA,355,AL,Albania-Others,0.01800,1
ALBANIA,355,AL,Albania-Plus,0.00880,1
ALBANIA,355,AL,Albania-Vodafone,0.00880,1
ALGERIA,213,DZ,Algeria-Djezzy,0.01000,1
ALGERIA,213,DZ,Algeria-Mobilis,0.01000,1
ALGERIA,213,DZ,Algeria-Nedjma,0.07000,1
ALGERIA,213,DZ,Algeria-Others,0.07000,1
AMERICAN SAMOA,1684,AS,American Samoa-ASTCA,0.06500,1
AMERICAN SAMOA,1684,AS,American Samoa-BlueSky,0.04000,1
AMERICAN SAMOA,1684,AS,American Samoa-Others,0.06500,1
ANDORRA,376,AD,Andorra-Mobiland,0.04000,1
ANGOLA,244,AO,Angola-Movicel,0.00880,1
ANGOLA,244,AO,Angola-Others,0.00880,1
ANGOLA,244,AO,Angola-UNITEL,0.00880,1
ANGUILLA,1264,AI,Anguilla-Digicel,0.02200,1
ANGUILLA,1264,AI,Anguilla-LIME,0.02000,1
ANGUILLA,1264,AI,Anguilla-Others,0.02200,1
ANGUILLA,1264,AI,Anguilla-Weblinks,0.01600,1
ANTIGUA AND BARBUDA,1268,AG,Antigua and Barbuda-Digicel,0.01500,1
ANTIGUA AND BARBUDA,1268,AG,Antigua and Barbuda-LIME,0.01500,1
ANTIGUA AND BARBUDA,1268,AG,Antigua and Barbuda-Others,0.01500,1
ARGENTINA,54,AR,Argentina-Claro,0.06800,1
ARGENTINA,54,AR,Argentina-Movistar,0.06500,1
ARGENTINA,54,AR,Argentina-Others,0.06800,1
ARMENIA,374,AM,Armenia-Beeline,0.02100,1
ARMENIA,374,AM,Armenia-Karabakh,0.01000,1
ARMENIA,374,AM,Armenia-Orange,0.02900,1
ARMENIA,374,AM,Armenia-Others,0.02900,1
ARMENIA,374,AM,Armenia-VivaCell-MTS,0.01000,1
ARUBA,297,AW,Aruba-Digicel,0.01000,1
ARUBA,297,AW,Aruba-MIO,0.01000,1
ARUBA,297,AW,Aruba-Others,0.04500,1
ARUBA,297,AW,Aruba-SETAR,0.04500,1
AUSTRALIA,61,AU,Australia - Other Networks,0.02000,1
AUSTRALIA,61,AU,Australia - Telstra,0.05500,1
AUSTRALIA,61,AU,Australia-3,0.02200,1
AUSTRALIA,61,AU,Australia-Vodafone,0.02200,1
AUSTRALIA,61,AU,Australia-YES OPTUS,0.05800,1
AUSTRIA,43,AT,Austria-3 AT,0.06600,1
AUSTRIA,43,AT,Austria-A1,0.06600,1
AUSTRIA,43,AT,Austria-Orange,0.06600,1
AUSTRIA,43,AT,Austria-Others,0.06600,1
AUSTRIA,43,AT,Austria-T-Mobile,0.06600,1
AUSTRIA,43,AT,Austria-tele.ring,0.06600,1
AZERBAIJAN,994,AZ,Azerbaijan-Azercell,0.02300,1
AZERBAIJAN,994,AZ,Azerbaijan-Bakcell,0.07800,1
AZERBAIJAN,994,AZ,Azerbaijan-FONEX,0.06500,1
AZERBAIJAN,994,AZ,Azerbaijan-Nar,0.00880,1
AZERBAIJAN,994,AZ,Azerbaijan-Others,0.07800,1
BAHAMAS,1242,BS,Bahamas-BaTelCo,0.04000,1
BAHRAIN,973,BH,Bahrain-Batelco,0.01000,1
BAHRAIN,973,BH,Bahrain-Others,0.01500,1
BAHRAIN,973,BH,Bahrain-VIVA,0.01500,1
BAHRAIN,973,BH,Bahrain-Zain,0.01000,1
BANGLADESH,880,BD,Bangladesh All,0.00880,1
BANGLADESH,880,BD,Bangladesh-Airtel,0.00880,1
BANGLADESH,880,BD,Bangladesh-Banglalink,0.00880,1
BANGLADESH,880,BD,Bangladesh-Citycell,0.06500,1
BANGLADESH,880,BD,Bangladesh-Grameenphone,0.00880,1
BANGLADESH,880,BD,Bangladesh-Robi,0.00880,1
BANGLADESH,880,BD,Bangladesh-TeleTalk,0.00880,1
BARBADOS,1246,BB,Barbados-Digicel,0.01500,1
BARBADOS,1246,BB,Barbados-LIME,0.02400,1
BARBADOS,1246,BB,Barbados-Others,0.02400,1
BARBADOS,1246,BB,Barbados-Sunbeach,0.02200,1
BELARUS,375,BY,Belarus-DIALLOG,0.06500,1
BELARUS,375,BY,Belarus-MTS,0.01000,1
BELARUS,375,BY,Belarus-Others,0.06500,1
BELARUS,375,BY,Belarus-life:),0.02400,1
BELARUS,375,BY,Belarus-velcom,0.01000,1
BELGIUM,32,BE,Belgium-BASE,0.02000,1
BELGIUM,32,BE,Belgium-Mobistar,0.05800,1
BELGIUM,32,BE,Belgium-Others,0.05800,1
BELGIUM,32,BE,Belgium-Proximus,0.05800,1
BELGIUM,32,BE,Belgium-Telenet,0.04200,1
BELIZE,501,BZ,Belize-Belize,0.00880,1
BELIZE,501,BZ,Belize-Others,0.00880,1
BENIN,229,BJ,Benin-BBCOM,0.06500,1
BENIN,229,BJ,Benin-Etisalat,0.01000,1
BENIN,229,BJ,Benin-GloBenin,0.00880,1
BENIN,229,BJ,Benin-Libercom,0.01800,1
BENIN,229,BJ,Benin-MTN,0.01500,1
BENIN,229,BJ,Benin-Others,0.06500,1
BERMUDA,1441,BM,Bermuda-CellularOne,0.02300,1
BERMUDA,1441,BM,Bermuda-Digicel,0.01400,1
BERMUDA,1441,BM,Bermuda-M3,0.02800,1
BHUTAN,975,BT,Bhutan-B-Mobile,0.01200,1
BHUTAN,975,BT,Bhutan-Others,0.06500,1
BOLIVIA,591,BO,Bolivia-Entel,0.01000,1
BOLIVIA,591,BO,Bolivia-Nuevatel PCS,0.01000,1
BOLIVIA,591,BO,Bolivia-Others,0.01000,1
BOLIVIA,591,BO,Bolivia-Tigo,0.01000,1
BOSNIA AND HERZEGOVINA,387,BA,Bosnia and Herzegovina-BH,0.00880,1
BOSNIA AND HERZEGOVINA,387,BA,Bosnia and Herzegovina-HT-ERONET,0.00880,1
BOSNIA AND HERZEGOVINA,387,BA,Bosnia and Herzegovina-Others,0.00880,1
BOSNIA AND HERZEGOVINA,387,BA,Bosnia and Herzegovina-m:tel,0.00880,1
BOTSWANA,267,BW,Botswana-Mascom,0.01000,1
BOTSWANA,267,BW,Botswana-Orange,0.01000,1
BOTSWANA,267,BW,Botswana-Others,0.03600,1
BRAZIL,55,BR,Brazil-CTBC,0.05800,1
BRAZIL,55,BR,Brazil-Claro,0.05800,1
BRAZIL,55,BR,Brazil-Nextel,0.05800,1
BRAZIL,55,BR,Brazil-Oi,0.05800,1
BRAZIL,55,BR,Brazil-Others,0.05800,1
BRAZIL,55,BR,Brazil-Sercomtel,0.05800,1
BRAZIL,55,BR,Brazil-TIM,0.05800,1
BRAZIL,55,BR,Brazil-Vivo,0.05800,1
BRUNEI,673,BN,Brunei-DTSCom,0.00880,1
BRUNEI,673,BN,Brunei-Others,0.00880,1
BRUNEI,673,BN,Brunei-b-mobile,0.00880,1
BULGARIA,359,BG,Bulgaria - BTC,0.01200,1
BULGARIA,359,BG,Bulgaria - Globul,0.12000,1
BULGARIA,359,BG,Bulgaria - Mtel,0.07200,1
BULGARIA,359,BG,Bulgaria - Other Networks,0.14100,1
BULGARIA,359,BG,Bulgaria-vivacom,0.01000,1
BURKINA FASO,226,BF,Burkina Faso-Airtel,0.03600,1
BURKINA FASO,226,BF,Burkina Faso-Others,0.03600,1
BURKINA FASO,226,BF,Burkina Faso-Telecel,0.01000,1
BURUNDI,257,BI,Burundi-Africell,0.00880,1
BURUNDI,257,BI,Burundi-Econet,0.00880,1
BURUNDI,257,BI,Burundi-ONATEL,0.05900,1
BURUNDI,257,BI,Burundi-Others,0.05900,1
BURUNDI,257,BI,Burundi-U-COM,0.00880,1
"CONGO, THE DEMOCRATIC REPUBLIC OF THE",243,CD,"CONGO, THE DEMOCRATIC REPUBLIC OF THE-Vodacom",0.00880,1
CAMBODIA,855,KH,Cambodia-Beeline-KH,0.00880,1
CAMBODIA,855,KH,Cambodia-Excell,0.00880,1
CAMBODIA,855,KH,Cambodia-Hello Axiata,0.00880,1
CAMBODIA,855,KH,Cambodia-MOBITEL,0.00880,1
CAMBODIA,855,KH,Cambodia-Metfone,0.01000,1
CAMBODIA,855,KH,Cambodia-Mfone,0.00880,1
CAMBODIA,855,KH,Cambodia-Others,0.06500,1
CAMBODIA,855,KH,Cambodia-SMART,0.00880,1
CAMEROON,237,CM,Cameroon-MTN Cameroon,0.02500,1
CAMEROON,237,CM,Cameroon-Orange,0.00880,1
CANADA,1,CA,Canada,0.00650,1
CAPE VERDE,238,CV,Cape Verde-Others,0.01000,1
CAPE VERDE,238,CV,Cape Verde-T+,0.01000,1
CAYMAN ISLANDS,1345,KY,Cayman Islands - Digicell,0.01400,1
CAYMAN ISLANDS,1345,KY,Cayman Islands - Lime,0.02000,1
CAYMAN ISLANDS,1345,KY,Cayman Islands-Others,0.02000,1
CENTRAL AFRICAN REPUBLIC,236,CF,Central African Republic-Orange,0.06500,1
CENTRAL AFRICAN REPUBLIC,236,CF,Central African Republic-Others,0.06500,1
CENTRAL AFRICAN REPUBLIC,236,CF,Central African Republic-Telecel,0.01000,1
CHAD,235,TD,Chad-Airtel,0.01000,1
CHAD,235,TD,Chad-MILLICOM,0.02000,1
CHILE,56,CL,Chile - Movistar,0.06800,1
CHILE,56,CL,Chile-Claro,0.06500,1
CHILE,56,CL,Chile-Entel PCS,0.06800,1
CHILE,56,CL,Chile-Nextel,0.06800,1
CHILE,56,CL,Chile-Others,0.06800,1
CHINA,86,CN,China All,0.05800,1
CHINA,86,CN,China-China Mobile,0.05800,1
CHINA,86,CN,China-China Telecom,0.05800,1
CHINA,86,CN,China-China Unicom,0.05800,1
COLOMBIA,57,CO,Colombia-Avantel,0.04500,1
COLOMBIA,57,CO,Colombia-Claro,0.04500,1
COLOMBIA,57,CO,Colombia-Exito,0.04500,1
COLOMBIA,57,CO,Colombia-Movistar,0.04500,1
COLOMBIA,57,CO,Colombia-Others,0.04500,1
COLOMBIA,57,CO,Colombia-Tigo,0.04500,1
COLOMBIA,57,CO,Colombia-UFF,0.04500,1
COLOMBIA,57,CO,Colombia-UNE,0.04500,1
COLOMBIA,57,CO,Colombia-Virgin,0.04500,1
COMOROS,269,KM,Comoros-Others,0.00880,1
"CONGO, THE DEMOCRATIC REPUBLIC OF THE",243,CD,"Congo, The Democratic Republic of the-Others",0.07500,1
"CONGO, THE DEMOCRATIC REPUBLIC OF THE",243,CD,"Congo, The Democratic Republic of the-Supercell",0.06500,1
"CONGO, THE DEMOCRATIC REPUBLIC OF THE",243,CD,"Congo, The Democratic Republic of the-tiGO",0.03600,1
CONGO,242,CG,Congo-Airtel ,0.06500,1
CONGO,242,CG,Congo-MTN,0.00880,1
CONGO,242,CG,Congo-Others,0.06500,1
CONGO,242,CG,Congo-Warid,0.06500,1
COOK ISLANDS,682,CK,Cook Islands-Others,0.01000,1
COOK ISLANDS,682,CK,Cook Islands-Telecom,0.01000,1
COSTA RICA,506,CR,Costa Rica-Claro,0.04400,1
COSTA RICA,506,CR,Costa Rica-I.C.E.,0.04400,1
COSTA RICA,506,CR,Costa Rica-Others,0.04400,1
COSTA RICA,506,CR,Costa Rica-movistar,0.04400,1
COTE D'IVOIRE,225,CI,Cote d'Ivoire-Comium,0.01000,1
COTE D'IVOIRE,225,CI,Cote d'Ivoire-MTN,0.06500,1
COTE D'IVOIRE,225,CI,Cote d'Ivoire-ORICEL,0.06500,1
COTE D'IVOIRE,225,CI,Cote d'Ivoire-Orange,0.07800,1
COTE D'IVOIRE,225,CI,Cote d'Ivoire-Others,0.07800,1
CROATIA,385,HR,Croatia-Croatia,0.06500,1
CROATIA,385,HR,Croatia-T-Mobile ,0.00880,1
CROATIA,385,HR,Croatia-TELE2,0.02000,1
CROATIA,385,HR,Croatia-VIP-NET,0.06500,1
CUBA,53,CU,Cuba-ETECSA,0.02600,1
CYPRUS,357,CY,Cyprus-Cytamobile-Vodafone,0.01000,1
CYPRUS,357,CY,Cyprus-MTN ,0.01000,1
CYPRUS,357,CY,Cyprus-Others,0.01000,1
CYPRUS,357,CY,Cyprus-PrimeTel,0.01000,1
CZECH REPUBLIC,420,CZ,Czech Republic-T-Mobile ,0.06800,1
CZECH REPUBLIC,420,CZ,Czech Republic-Telefonica O2,0.06800,1
CZECH REPUBLIC,420,CZ,Czech Republic-U:fon,0.05900,1
CZECH REPUBLIC,420,CZ,Czech Republic-Vodafone ,0.05900,1
DENMARK,45,DK,Denmark-3,0.01200,1
DENMARK,45,DK,Denmark-Lycamobile,0.01000,1
DENMARK,45,DK,Denmark-Other Networks,0.06500,1
DENMARK,45,DK,Denmark-TDC ,0.01000,1
DENMARK,45,DK,Denmark-Telenor,0.01000,1
DENMARK,45,DK,Denmark-Telia,0.01000,1
DJIBOUTI,253,DJ,Djibouti-Evatis,0.04800,1
DOMINICA,1767,DM,Dominica-Digicel ,0.01000,1
DOMINICA,1767,DM,Dominica-LIME,0.01500,1
DOMINICA,1767,DM,Dominica-Orange ,0.01000,1
DOMINICAN REPUBLIC,1809,DO,Dominican Republic - Orange,0.08000,1
DOMINICAN REPUBLIC,1809,DO,Dominican Republic - Other,0.08000,1
DOMINICAN REPUBLIC,1809,DO,Dominican Republic-Claro,0.08000,1
DOMINICAN REPUBLIC,1809,DO,Dominican Republic-Tricom,0.08000,1
DOMINICAN REPUBLIC,1809,DO,Dominican Republic-Viva,0.08000,1
ECUADOR,593,EC,Ecuador-Claro,0.02100,1
ECUADOR,593,EC,Ecuador-Movistar,0.02100,1
ECUADOR,593,EC,Ecuador-Others,0.02100,1
EGYPT,20,EG,Egypt-Etisalat ,0.01000,1
EGYPT,20,EG,Egypt-Mobinil,0.03900,1
EGYPT,20,EG,Egypt-Vodafone ,0.01000,1
EL SALVADOR,503,SV,El Salvador-Claro,0.02400,1
EL SALVADOR,503,SV,El Salvador-Digicel,0.01000,1
EL SALVADOR,503,SV,El Salvador-Telefonica,0.02800,1
EL SALVADOR,503,SV,El Salvador-Tigo,0.00880,1
EQUATORIAL GUINEA,240,GQ,Equatorial Guinea-HiTs-GE,0.06500,1
EQUATORIAL GUINEA,240,GQ,Equatorial Guinea-Orange GQ,0.00880,1
ERITREA,291,ER,Eritrea-Eritel,0.06500,1
ERITREA,291,ER,Eritrea-Others,0.06500,1
ESTONIA,372,EE,Estonia-EMT,0.06500,1
ESTONIA,372,EE,Estonia-Elisa,0.01000,1
ESTONIA,372,EE,Estonia-Others,0.06500,1
ESTONIA,372,EE,Estonia-Tele 2,0.01000,1
ETHIOPIA,251,ET,Ethiopia-ETMTN,0.00880,1
FALKLAND ISLANDS (MALVINAS),500,FK,Falkland Islands (Malvinas)-Cable & Wireless,0.06200,1
FALKLAND ISLANDS (MALVINAS),500,FK,Falkland Islands (Malvinas)-Others,0.06200,1
FAROE ISLANDS,298,FO,Faroe Islands-Faroese,0.01000,1
FAROE ISLANDS,298,FO,Faroe Islands-Others,0.01000,1
FAROE ISLANDS,298,FO,Faroe Islands-VODAFONE,0.01000,1
FIJI,679,FJ,Fiji-Digicel,0.01000,1
FIJI,679,FJ,Fiji-Others,0.01000,1
FIJI,679,FJ,Fiji-Vodafone,0.01000,1
FINLAND,358,FI,Finland-AMT,0.01000,1
FINLAND,358,FI,Finland-DNA,0.01000,1
FINLAND,358,FI,Finland-Elisa,0.06500,1
FINLAND,358,FI,Finland-Saunalahti,0.06500,1
FINLAND,358,FI,Finland-Sonera,0.05500,1
FRANCE,33,FR,France All,0.05500,1
FRANCE,33,FR,France-Bouygues,0.05800,1
FRANCE,33,FR,France-Free,0.05800,1
FRANCE,33,FR,France-NRJ,0.05800,1
FRANCE,33,FR,France-Orange,0.05800,1
FRANCE,33,FR,France-SFR,0.05800,1
FRANCE,33,FR,France-Virgin,0.05800,1
FRENCH GUIANA,594,GF,French Guiana-Digicel,0.00880,1
FRENCH GUIANA,594,GF,French Guiana-Orange,0.06500,1
FRENCH GUIANA,594,GF,French Guiana-Outremer,0.00880,1
FRENCH POLYNESIA,689,PF,French Polynesia-Others,0.00880,1
FRENCH POLYNESIA,689,PF,French Polynesia-VINI,0.00880,1
GABON,241,GA,Gabon-Airtel,0.06500,1
GABON,241,GA,Gabon-Azur,0.00880,1
GABON,241,GA,Gabon-Libertis,0.01500,1
GABON,241,GA,Gabon-Others,0.06500,1
GAMBIA,220,GM,Gambia - All,0.01000,1
GAMBIA,220,GM,Gambia-Africell,0.01000,1
GAMBIA,220,GM,Gambia-Comium,0.01000,1
GAMBIA,220,GM,Gambia-Gamcel,0.00880,1
GAMBIA,220,GM,Gambia-Qcell,0.01000,1
GEORGIA,995,GE,Georgia-Geocell,0.00880,1
GEORGIA,995,GE,Georgia-MagtiCom,0.00880,1
GEORGIA,995,GE,Georgia-Mobitel,0.01200,1
GEORGIA,995,GE,Georgia-Silqnet,0.00880,1
GERMANY,49,DE,Germany All,0.06400,1
GERMANY,49,DE,Germany-Deutsche Telekom,0.06400,1
GERMANY,49,DE,Germany-E-Plus,0.06400,1
GERMANY,49,DE,Germany-Telefonica O2,0.06400,1
GERMANY,49,DE,Germany-Telogic,0.06400,1
GERMANY,49,DE,Germany-Vodafone D2,0.06400,1
GHANA,233,GH,Ghana-Airtel,0.00880,1
GHANA,233,GH,Ghana-Glo Mobile,0.01800,1
GHANA,233,GH,Ghana-Kasapa,0.06500,1
GHANA,233,GH,Ghana-MTN,0.00880,1
GHANA,233,GH,Ghana-Vodafone,0.02300,1
GHANA,233,GH,Ghana-tiGO,0.02500,1
GIBRALTAR,350,GI,Gibraltar-CTS,0.00880,1
GIBRALTAR,350,GI,Gibraltar-GibTel,0.00880,1
GIBRALTAR,350,GI,Gibraltar-Others,0.00880,1
GREECE,30,GR,Greece-Cosmote,0.04500,1
GREECE,30,GR,Greece-Vodafone,0.02200,1
GREECE,30,GR,Greece-Wind Hellas,0.02200,1
GREENLAND,299,GL,Greenland-Others,0.00880,1
GREENLAND,299,GL,Greenland-TELE,0.00880,1
GRENADA,1473,GD,Grenada-AWS,0.01000,1
GRENADA,1473,GD,Grenada-Digicel,0.01000,1
GRENADA,1473,GD,Grenada-LIME,0.01000,1
GUADELOUPE,590,GP,Guadeloupe-Digicel,0.01000,1
GUADELOUPE,590,GP,Guadeloupe-MIO,0.01000,1
GUADELOUPE,590,GP,Guadeloupe-Orange,0.02200,1
GUADELOUPE,590,GP,Guadeloupe-Others,0.02200,1
GUADELOUPE,590,GP,Guadeloupe-Outremer,0.01000,1
GUAM,1671,GU,Guam-DoCoMo,0.02000,1
GUAM,1671,GU,Guam-GTA,0.02000,1
GUAM,1671,GU,Guam-IT &E,0.08500,1
GUAM,1671,GU,Guam-Others,0.08500,1
GUAM,1671,GU,Guam-Pacific,0.02000,1
GUAM,1671,GU,Guam-iConnect,0.08500,1
GUATEMALA,502,GT,Guatemala-Claro,0.06500,1
GUATEMALA,502,GT,Guatemala-Others,0.06500,1
GUATEMALA,502,GT,Guatemala-Tigo,0.00880,1
GUATEMALA,502,GT,Guatemala-movistar,0.02200,1
GUERNSEY,,GG,Guernsey-Airtel Vodafone,0.02200,1
GUERNSEY,,GG,Guernsey-Sure,0.01000,1
GUINEA-BISSAU,245,GW,Guinea-Bissau-MTN,0.01000,1
GUINEA-BISSAU,245,GW,Guinea-Bissau-Orange,0.02000,1
GUINEA-BISSAU,245,GW,Guinea-Bissau-Others,0.02000,1
GUINEA,224,GN,Guinea-Cellcom ,0.02200,1
GUINEA,224,GN,Guinea-MTN,0.01000,1
GUINEA,224,GN,Guinea-Orange,0.01700,1
GUINEA,224,GN,Guinea-Others,0.06500,1
GUYANA,592,GY,Guyana-Cellink,0.04200,1
GUYANA,592,GY,Guyana-Digicel,0.00880,1
HAITI,509,HT,Haiti-Comcel,0.07200,1
HAITI,509,HT,Haiti-Digicel,0.00880,1
HAITI,509,HT,Haiti-NATCOM,0.06500,1
HONDURAS,504,HN,Honduras-Claro,0.03000,1
HONDURAS,504,HN,Honduras-Digicel,0.01000,1
HONDURAS,504,HN,Honduras-Hondutel,0.06500,1
HONDURAS,504,HN,Honduras-Tigo,0.00880,1
HONG KONG,852,HK,Hong Kong-3,0.00880,1
HONG KONG,852,HK,Hong Kong-CSL,0.04600,1
HONG KONG,852,HK,Hong Kong-Others,0.00880,1
HONG KONG,852,HK,Hong Kong-PCCW Mobile,0.00880,1
HONG KONG,852,HK,Hong Kong-SmarTone,0.06200,1
HUNGARY,36,HU,Hungary-T-Mobile,0.07000,1
HUNGARY,36,HU,Hungary-Telenor,0.07000,1
HUNGARY,36,HU,Hungary-Vodafone,0.05200,1
ICELAND,354,IS,Iceland-NOVA,0.00880,1
ICELAND,354,IS,Iceland-Others,0.01800,1
ICELAND,354,IS,Iceland-Siminn,0.00880,1
ICELAND,354,IS,Iceland-Vodafone,0.00880,1
INDIA,91,IN,India All,0.00750,1
INDONESIA,62,ID,Indonesia All,0.00900,1
INDONESIA,62,ID,Indonesia-3,0.00880,1
INDONESIA,62,ID,Indonesia-AXIS,0.01000,1
INDONESIA,62,ID,Indonesia-INDOSAT,0.00880,1
INDONESIA,62,ID,Indonesia-Mobile-8,0.00880,1
INDONESIA,62,ID,Indonesia-SMART,0.00880,1
INDONESIA,62,ID,Indonesia-Telkomsel,0.00880,1
INDONESIA,62,ID,Indonesia-XL,0.00880,1
"IRAN, ISLAMIC REPUBLIC OF",98,IR,"Iran, Islamic Republic Of-MCI",0.00880,1
"IRAN, ISLAMIC REPUBLIC OF",98,IR,"Iran, Islamic Republic Of-MTCE",0.06500,1
"IRAN, ISLAMIC REPUBLIC OF",98,IR,"Iran, Islamic Republic Of-TKC",0.00880,1
"IRAN, ISLAMIC REPUBLIC OF",98,IR,Iran-MTN,0.00880,1
"IRAN, ISLAMIC REPUBLIC OF",98,IR,Iran-Taliya,0.01000,1
IRAQ,964,IQ,Iraq-Asiacell,0.01200,1
IRAQ,964,IQ,Iraq-Korek,0.01000,1
IRAQ,964,IQ,Iraq-Mobitel,0.01200,1
IRAQ,964,IQ,Iraq-zain IQ,0.01500,1
IRELAND,353,IE,Ireland-Hutchison 3G,0.01000,1
IRELAND,353,IE,Ireland-Meteor,0.01200,1
IRELAND,353,IE,Ireland-O2,0.04800,1
IRELAND,353,IE,Ireland-Others,0.06500,1
IRELAND,353,IE,Ireland-Vodafone,0.01200,1
ISLE OF MAN,44,IM,Isle of Man-Manx,0.04000,1
ISRAEL,972,IL,Israel All,0.01000,1
ISRAEL,972,IL,Israel-Cellcom,0.01000,1
ISRAEL,972,IL,Israel-Golan,0.00880,1
ISRAEL,972,IL,Israel-Hot,0.00880,1
ISRAEL,972,IL,Israel-Orange,0.01000,1
ISRAEL,972,IL,Israel-Palestine Telecomm,0.01000,1
ISRAEL,972,IL,Israel-Pelephone,0.01000,1
ISRAEL,972,IL,Israel-Wataniya,0.01000,1
ITALY,39,IT,Italy - All,0.06800,1
ITALY,39,IT,Italy-Fastweb,0.06500,1
ITALY,39,IT,Italy-H3G,0.07200,1
ITALY,39,IT,Italy-Noverca,0.06800,1
ITALY,39,IT,Italy-TIM,0.06800,1
ITALY,39,IT,Italy-Vodafone,0.07200,1
ITALY,39,IT,Italy-Wind,0.07200,1
JAMAICA,1876,JM,Jamaica-Claro,0.01000,1
JAMAICA,1876,JM,Jamaica-Digicel,0.00880,1
JAMAICA,1876,JM,Jamaica-LIME,0.01000,1
JAMAICA,1876,JM,Jamaica-Other,0.01000,1
JAPAN,81,JP,Japan SoftBank,0.01600,1
JAPAN,81,JP,Japan-NTT DOCOMO,0.04500,1
JAPAN,81,JP,Japan-Others,0.06800,1
JAPAN,81,JP,Japan-eMobile,0.04000,1
JERSEY,44,JE,Jersey-Airtel Vodafone,0.01600,1
JERSEY,44,JE,Jersey-Jersey,0.01600,1
JERSEY,44,JE,Jersey-Sure,0.01600,1
JORDAN,962,JO,Jordan-Orange,0.00880,1
JORDAN,962,JO,Jordan-Umniah,0.00880,1
JORDAN,962,JO,Jordan-Xpress,0.00880,1
JORDAN,962,JO,Jordan-Zain,0.00880,1
KAZAKHSTAN,7,KZ,Kazakhstan-Beeline,0.01000,1
KAZAKHSTAN,7,KZ,Kazakhstan-Dalacom,0.06500,1
KAZAKHSTAN,7,KZ,Kazakhstan-K-Cell,0.07000,1
KAZAKHSTAN,7,KZ,Kazakhstan-Kazakhtelekom,0.06500,1
KAZAKHSTAN,7,KZ,Kazakhstan-Neo,0.01000,1
KENYA,254,KE,Kenya-Airtel,0.02500,1
KENYA,254,KE,Kenya-Econet,0.02500,1
KENYA,254,KE,Kenya-Orange,0.03500,1
KENYA,254,KE,Kenya-Other,0.03500,1
KENYA,254,KE,Kenya-Safaricom,0.02500,1
KIRIBATI,686,KI,Kiribati-Kiribati,0.06500,1
KIRIBATI,686,KI,Kiribati-Others,0.06500,1
KUWAIT,965,KW,Kuwait-VIVA,0.00880,1
KUWAIT,965,KW,Kuwait-Wataniya,0.00880,1
KUWAIT,965,KW,Kuwait-zain K,0.01000,1
KYRGYZSTAN,996,KG,Kyrgyzstan-Fonex,0.06500,1
KYRGYZSTAN,996,KG,Kyrgyzstan-MEGACOM,0.00880,1
KYRGYZSTAN,996,KG,Kyrgyzstan-O!,0.00880,1
KYRGYZSTAN,996,KG,Kyrgyzstan-Others,0.06500,1
LAO PEOPLE'S DEMOCRATIC REPUBLIC,856,LA,LAO PEOPLE'S DEMOCRATIC REPUBLIC-ETL,0.00880,1
LAO PEOPLE'S DEMOCRATIC REPUBLIC,856,LA,LAO PEOPLE'S DEMOCRATIC REPUBLIC-LAT,0.00880,1
LAO PEOPLE'S DEMOCRATIC REPUBLIC,856,LA,LAO PEOPLE'S DEMOCRATIC REPUBLIC-Lao,0.00880,1
LAO PEOPLE'S DEMOCRATIC REPUBLIC,856,LA,LAO PEOPLE'S DEMOCRATIC REPUBLIC-Others,0.00880,1
LIBYAN ARAB JAMAHIRIYA,218,LY,LIBYAN ARAB JAMAHIRIYA-LIBYAN ARAB JAMAHIRIYAna,0.05000,1
LATVIA,371,LV,Latvia-Bite,0.01500,1
LATVIA,371,LV,Latvia-LMT,0.03200,1
LATVIA,371,LV,Latvia-Others,0.03200,1
LATVIA,371,LV,Latvia-TELE2,0.03200,1
LATVIA,371,LV,Latvia-Triatel,0.00880,1
LEBANON,961,LB,Lebanon-Alfa,0.05800,1
LEBANON,961,LB,Lebanon-MTC-Touch,0.04200,1
LEBANON,961,LB,Lebanon-Others,0.05800,1
LESOTHO,266,LS,Lesotho-Econet,0.06200,1
LESOTHO,266,LS,Lesotho-Vodacom,0.00880,1
LIBERIA,231,LR,Liberia-Cellcom,0.02200,1
LIBERIA,231,LR,Liberia-Comium,0.01000,1
LIBERIA,231,LR,Liberia-Lonestar,0.01600,1
LIBERIA,231,LR,Liberia-Others,0.02200,1
LIBYAN ARAB JAMAHIRIYA,218,LY,Libya-Al Madar,0.01000,1
LIECHTENSTEIN,423,LI,Liechtenstein-Mobilkom,0.02000,1
LIECHTENSTEIN,423,LI,Liechtenstein-Orange,0.00880,1
LIECHTENSTEIN,423,LI,Liechtenstein-Others,0.02000,1
LIECHTENSTEIN,423,LI,Liechtenstein-Swisscom,0.02000,1
LITHUANIA,370,LT,Lithuania-BITE,0.00880,1
LITHUANIA,370,LT,Lithuania-Omnitel,0.00880,1
LITHUANIA,370,LT,Lithuania-TELE2,0.01000,1
LUXEMBOURG,352,LU,Luxembourg-LuxGSM,0.00880,1
LUXEMBOURG,352,LU,Luxembourg-Orange,0.00880,1
LUXEMBOURG,352,LU,Luxembourg-Tango,0.00880,1
MACAO,853,MO,Macao-CTM,0.00880,1
MACAO,853,MO,Macao-Hutchison,0.00880,1
MACAO,853,MO,Macao-SmarTone,0.01800,1
"MACEDONIA, THE FORMER YUGOSLAV REPUBLIC OF",389,MK,Macedonia-ONE,0.01000,1
"MACEDONIA, THE FORMER YUGOSLAV REPUBLIC OF",389,MK,Macedonia-T-Mobile,0.00880,1
"MACEDONIA, THE FORMER YUGOSLAV REPUBLIC OF",389,MK,Macedonia-Vip MK,0.07000,1
MADAGASCAR,261,MG,Madagascar-Airtel,0.00880,1
MADAGASCAR,261,MG,Madagascar-Orange,0.01000,1
MADAGASCAR,261,MG,Madagascar-Telma,0.00880,1
MALAWI,265,MW,Malawi-Airtel,0.00880,1
MALAWI,265,MW,Malawi-TNM,0.00880,1
MALAYSIA,60,MY,Malaysia - Celcom,0.00880,1
MALAYSIA,60,MY,Malaysia - DiGi,0.00880,1
MALAYSIA,60,MY,Malaysia - Maxis,0.00880,1
MALAYSIA,60,MY,Malaysia - Other,0.06500,1
MALAYSIA,60,MY,Malaysia - U Mobile,0.00880,1
MALDIVES,960,MV,Maldives-Dhiraagu,0.00880,1
MALDIVES,960,MV,Maldives-WMOBILE,0.00880,1
MALI,223,ML,Mali-Malitel,0.00880,1
MALI,223,ML,Mali-Orange,0.07500,1
MALI,223,ML,Mali-Others,0.07500,1
MALTA,356,MT,Malta-GO,0.01000,1
MALTA,356,MT,Malta-Melita,0.01000,1
MALTA,356,MT,Malta-Vodafone,0.00880,1
MARTINIQUE,596,MQ,Martinique-Digicel,0.00880,1
MARTINIQUE,596,MQ,Martinique-Orange,0.06500,1
MARTINIQUE,596,MQ,Martinique-Outremer,0.00880,1
MAURITANIA,222,MR,Mauritania-Chinguitel,0.06500,1
MAURITANIA,222,MR,Mauritania-Mattel,0.01800,1
MAURITANIA,222,MR,Mauritania-Mauritel,0.01800,1
MAURITIUS,230,MU,Mauritius-Emtel,0.00880,1
MAURITIUS,230,MU,Mauritius-MTML,0.06500,1
MAURITIUS,230,MU,Mauritius-Orange,0.00880,1
MAURITIUS,230,MU,Mauritius-Others,0.06500,1
MEXICO,52,MX,Mexico Other Networks,0.06000,1
MEXICO,52,MX,Mexico-Lusacell,0.06000,1
MEXICO,52,MX,Mexico-Movistar,0.06000,1
MEXICO,52,MX,Mexico-Nextel,0.06000,1
MEXICO,52,MX,Mexico-Telcel,0.06000,1
"MICRONESIA, FEDERATED STATES OF",691,FM,"Micronesia, Federated States Of-FSM",0.06500,1
"MICRONESIA, FEDERATED STATES OF",691,FM,"Micronesia, Federated States of-Others",0.06500,1
"MOLDOVA, REPUBLIC OF",373,MD,"Moldova, Republic Of-IDC",0.04500,1
"MOLDOVA, REPUBLIC OF",373,MD,"Moldova, Republic Of-Unite",0.01800,1
"MOLDOVA, REPUBLIC OF",373,MD,Moldova-MoldCell,0.02800,1
"MOLDOVA, REPUBLIC OF",373,MD,Moldova-Orange,0.04000,1
MONACO,377,MC,Monaco-Monaco,0.02000,1
MONACO,377,MC,Monaco-Others,0.06500,1
MONACO,377,MC,Monaco-VALA,0.06500,1
MONGOLIA,976,MN,Mongolia-G-Mobile,0.06500,1
MONGOLIA,976,MN,Mongolia-MobiCom,0.00880,1
MONGOLIA,976,MN,Mongolia-Others,0.06500,1
MONGOLIA,976,MN,Mongolia-SkyTel,0.06500,1
MONGOLIA,976,MN,Mongolia-Unitel,0.02200,1
MONTENEGRO,382,ME,Montenegro-T-Mobile,0.00880,1
MONTENEGRO,382,ME,Montenegro-Telenor,0.00880,1
MONTENEGRO,382,ME,Montenegro-m:tel,0.01000,1
MONTSERRAT,1664,MS,Montserrat-Others,0.01000,1
MOROCCO,212,MA,Morocco-IAM,0.03200,1
MOROCCO,212,MA,Morocco-INWI,0.03000,1
MOROCCO,212,MA,Morocco-Meditel,0.03000,1
MOZAMBIQUE,258,MZ,Mozambique-Others,0.01000,1
MOZAMBIQUE,258,MZ,Mozambique-Vodacom,0.00880,1
MOZAMBIQUE,258,MZ,Mozambique-mcel,0.01000,1
MYANMAR,95,MM,Myanmar-MPT,0.06500,1
NAMIBIA,264,NA,Namibia-Leo,0.00880,1
NAMIBIA,264,NA,Namibia-MTC,0.04100,1
NAMIBIA,264,NA,Namibia-switch,0.06500,1
NAURU,674,NR,Nauru-Digicel,0.04000,1
NAURU,674,NR,Nauru-Others,0.04000,1
NEPAL,977,NP,Nepal-Ncell,0.03600,1
NEPAL,977,NP,Nepal-Nepal Telecom,0.06000,1
NETHERLANDS ANTILLES,599,AN,Netherlands Antilles-Digicel,0.00880,1
NETHERLANDS ANTILLES,599,AN,Netherlands Antilles-Telcell,0.00880,1
NETHERLANDS ANTILLES,599,AN,Netherlands Antilles-UTS,0.03500,1
NETHERLANDS,31,NL,Netherlands-KPN,0.08500,1
NETHERLANDS,31,NL,Netherlands-Lycamobile,0.03400,1
NETHERLANDS,31,NL,Netherlands-Others,0.08500,1
NETHERLANDS,31,NL,Netherlands-T-Mobile,0.06000,1
NETHERLANDS,31,NL,Netherlands-TELE2,0.03400,1
NETHERLANDS,31,NL,Netherlands-Telfort,0.08500,1
NETHERLANDS,31,NL,Netherlands-Vodafone,0.06000,1
NEW CALEDONIA,687,NC,New Caledonia-Others,0.02500,1
NEW ZEALAND,64,NZ,New Zealand-2degrees,0.03000,1
NEW ZEALAND,64,NZ,New Zealand-Telecom,0.07800,1
NEW ZEALAND,64,NZ,New Zealand-Vodafone,0.05200,1
NICARAGUA,505,NI,Nicaragua-Claro,0.02200,1
NICARAGUA,505,NI,Nicaragua-movistarNI ,0.02200,1
NIGER,227,NE,Niger-Airtel,0.06500,1
NIGER,227,NE,Niger-Etisalat,0.00880,1
NIGER,227,NE,Niger-Orange,0.00880,1
NIGERIA,234,NG,Nigeria-Airtel,0.00880,1
NIGERIA,234,NG,Nigeria-Etisalat,0.00880,1
NIGERIA,234,NG,Nigeria-Glo,0.01500,1
NIGERIA,234,NG,Nigeria-MTN,0.01500,1
NIGERIA,234,NG,Nigeria-Starcomms,0.00880,1
NIGERIA,234,NG,Nigeria-Visafone,0.01400,1
NIUE,683,NU,Niue-Others,0.06500,1
NIUE,683,NU,Niue-Telecom,0.06500,1
NORFOLK ISLAND,,NF,Norfolk Island-Norfolk,0.04000,1
NORFOLK ISLAND,,NF,Norfolk Island-Others,0.04000,1
NORTH KOREA,850,KP,North Korea-Others,0.06500,1
NORTHERN MARIANA ISLANDS,1670,MP,Northern Mariana Islands-Others,0.03500,1
NORWAY,47,NO,Norway-Mobile,0.01000,1
NORWAY,47,NO,Norway-NetCom,0.06500,1
NORWAY,47,NO,Norway-Others,0.03800,1
NORWAY,47,NO,Norway-TELE2,0.02800,1
NORWAY,47,NO,Norway-Telenor ,0.02800,1
OMAN,968,OM,OMAN-OMAN ,0.00880,1
OMAN,968,OM,OMAN-nawras,0.03800,1
PAKISTAN,92,PK,Pakistan All,0.00750,1
PAKISTAN,92,PK,Pakistan-Mobilink,0.00880,1
PAKISTAN,92,PK,Pakistan-Telenor,0.00750,1
PAKISTAN,92,PK,Pakistan-Ufone,0.00750,1
PAKISTAN,92,PK,Pakistan-Warid,0.00750,1
PAKISTAN,92,PK,Pakistan-ZONG,0.00750,1
PALAU,680,PW,Palau-Others,0.04000,1
PALAU,680,PW,Palau-Palau,0.00750,1
PALESTINIAN AUTHORITY,970,PS,Palestinian Authority-Jawwal,0.07500,1
PALESTINIAN AUTHORITY,970,PS,Palestinian Authority-Wataniya,0.01000,1
PANAMA,507,PA,Panama-Claro,0.00880,1
PANAMA,507,PA,Panama-Digicel,0.01000,1
PANAMA,507,PA,Panama-Movistar,0.02200,1
PANAMA,507,PA,Panama-Others,0.07500,1
PAPUA NEW GUINEA,675,PG,Papua New Guinea-Digicel,0.01000,1
PAPUA NEW GUINEA,675,PG,Papua New Guinea-Others,0.01000,1
PARAGUAY,595,PY,Paraguay-Claro,0.01000,1
PARAGUAY,595,PY,Paraguay-Personal,0.05900,1
PARAGUAY,595,PY,Paraguay-Tigo,0.01000,1
PARAGUAY,595,PY,Paraguay-VOX,0.06500,1
PERU,51,PE,Peru-Claro,0.02000,1
PERU,51,PE,Peru-Movistar,0.02000,1
PERU,51,PE,Peru-Nextel,0.02000,1
PERU,51,PE,Peru-Others,0.02000,1
PHILIPPINES,63,PH,Philippines-Digitel,0.00880,1
PHILIPPINES,63,PH,Philippines-Nextel,0.06500,1
PHILIPPINES,63,PH,Philippines-Smart,0.00880,1
PHILIPPINES,63,PH,Philippines-Sun,0.00880,1
POLAND,48,PL,Poland-Cyfrowy Polsat,0.00880,1
POLAND,48,PL,Poland-Orange,0.04500,1
POLAND,48,PL,Poland-Others,0.06500,1
POLAND,48,PL,Poland-Play,0.02800,1
POLAND,48,PL,Poland-Plus,0.04500,1
PORTUGAL,351,PT,Portugal-Optimus,0.05200,1
PORTUGAL,351,PT,Portugal-Others,0.06500,1
PORTUGAL,351,PT,Portugal-TMN,0.05900,1
PORTUGAL,351,PT,Portugal-Vodafone,0.05900,1
PUERTO RICO,1,PR,Puerto Rico-All Networks,0.00880,1
QATAR,974,QA,Qatar-Q-Tel,0.01000,1
QATAR,974,QA,Qatar-Vodafone,0.01000,1
REUNION,262,RE,Reunion-Orange,0.04500,1
REUNION,262,RE,Reunion-Others,0.06500,1
REUNION,262,RE,Reunion-Societe Reunionnaise,0.04500,1
ROMANIA,40,RO,Romania-Cosmote,0.05200,1
ROMANIA,40,RO,Romania-DIGI,0.05000,1
ROMANIA,40,RO,Romania-Orange,0.10000,1
ROMANIA,40,RO,Romania-Others,0.06500,1
ROMANIA,40,RO,Romania-Romtelecom,0.06500,1
ROMANIA,40,RO,Romania-Vodafone,0.05000,1
RUSSIA,7,RU,Russia-Beeline,0.01000,1
RUSSIA,7,RU,Russia-MTS,0.00880,1
RUSSIA,7,RU,Russia-MegaFon,0.00880,1
RUSSIA,7,RU,Russia-Other Networks,0.06500,1
RUSSIA,7,RU,Russia-TELE2,0.01000,1
RWANDA,250,RW,Rwanda-Airtel,0.06500,1
RWANDA,250,RW,Rwanda-MTN-RWA,0.06500,1
RWANDA,250,RW,Rwanda-TIGO,0.01000,1
SAINT KITTS AND NEVIS,1869,KN,Saint Kitts and Nevis-Digicel,0.01600,1
SAINT KITTS AND NEVIS,1869,KN,Saint Kitts and Nevis-LIME,0.02200,1
SAINT KITTS AND NEVIS,1869,KN,Saint Kitts and Nevis-Others,0.02200,1
SAINT LUCIA,1758,LC,Saint Lucia-Digicel,0.01600,1
SAINT LUCIA,1758,LC,Saint Lucia-LIME,0.01600,1
SAINT LUCIA,1758,LC,Saint Lucia-Others,0.01600,1
SAINT MARTIN,1599,MF,Saint Martin-Others,0.04000,1
SAINT PIERRE AND MIQUELON,508,PM,Saint Pierre and Miquelon-AMERIS,0.06500,1
SAINT PIERRE AND MIQUELON,508,PM,Saint Pierre and Miquelon-Others,0.06500,1
SAINT VINCENT AND THE GRENADINES,1784,VC,Saint Vincent and The Grenadines-LIME,0.04200,1
SAINT VINCENT AND THE GRENADINES,1784,VC,Saint Vincent and The Grenadines-Others,0.04200,1
SAINT VINCENT AND THE GRENADINES,1784,VC,Saint Vincent and the Grenadines-Digicel,0.01600,1
SAMOA,685,WS,Samoa-Digicel,0.00880,1
SAMOA,685,WS,Samoa-Others,0.06500,1
SAN MARINO,378,SM,San Marino-Others,0.06000,1
SAN MARINO,378,SM,San Marino-San Marino,0.06000,1
SAO TOME AND PRINCIPE,239,ST,Sao Tome and Principe-Others,0.07200,1
SAUDI ARABIA,966,SA,Saudi Arabia-Mobily,0.00880,1
SAUDI ARABIA,966,SA,Saudi Arabia-STC,0.00880,1
SAUDI ARABIA,966,SA,Saudi Arabia-Zain,0.00880,1
SAUDI ARABIA,966,SA,Saudi Arabia-bravO!,0.06500,1
SENEGAL,221,SN,Senegal-Expresso,0.00880,1
SENEGAL,221,SN,Senegal-Orange,0.02800,1
SENEGAL,221,SN,Senegal-TIGO,0.01000,1
SERBIA,381,RS,Serbia-Telekom,0.00880,1
SERBIA,381,RS,Serbia-Telenor,0.00880,1
SERBIA,381,RS,Serbia-VIP,0.01800,1
SEYCHELLES,248,SC,Seychelles-Airtel,0.00880,1
SEYCHELLES,248,SC,Seychelles-Cable & Wireless,0.01000,1
SEYCHELLES,248,SC,Seychelles-Others,0.06500,1
SIERRA LEONE,232,SL,Sierra Leone-Africell,0.00880,1
SIERRA LEONE,232,SL,Sierra Leone-Airtel,0.00880,1
SIERRA LEONE,232,SL,Sierra Leone-Comium,0.00880,1
SIERRA LEONE,232,SL,Sierra Leone-Others,0.00880,1
SINGAPORE,65,SG,Singapore-M1,0.01000,1
SINGAPORE,65,SG,Singapore-Others,0.01800,1
SINGAPORE,65,SG,Singapore-SingTel,0.01000,1
SINGAPORE,65,SG,Singapore-StarHub,0.01800,1
SLOVAKIA,421,SK,Slovakia-Orange,0.03200,1
SLOVAKIA,421,SK,Slovakia-T-Mobile,0.07000,1
SLOVAKIA,421,SK,Slovakia-Telefonica O2,0.01600,1
SLOVENIA,386,SI,Slovenia-IPKO,0.00880,1
SLOVENIA,386,SI,Slovenia-Mobitel,0.06500,1
SLOVENIA,386,SI,Slovenia-SI.mobil,0.05000,1
SLOVENIA,386,SI,Slovenia-T-2,0.00880,1
SLOVENIA,386,SI,Slovenia-Tusmobil,0.01600,1
SOLOMON ISLANDS,677,SB,Solomon Islands-Others,0.06500,1
SOMALIA,252,SO,Somalia-Golis,0.06500,1
SOMALIA,252,SO,Somalia-Hormuud,0.06500,1
SOMALIA,252,SO,Somalia-Nationlink,0.06500,1
SOMALIA,252,SO,Somalia-Somafone,0.06500,1
SOMALIA,252,SO,Somalia-Telcom,0.06500,1
SOMALIA,252,SO,Somalia-Telesom,0.06500,1
SOUTH AFRICA,27,ZA,South Africa - 8.ta (Telkom SA),0.02500,1
SOUTH AFRICA,27,ZA,South Africa - Cell C,0.02500,1
SOUTH AFRICA,27,ZA,South Africa - MTN-SA,0.02500,1
SOUTH AFRICA,27,ZA,South Africa - VodaCom,0.02500,1
SOUTH KOREA,82,KR,South Korea-KT,0.04500,1
SOUTH KOREA,82,KR,South Korea-LG U+,0.04500,1
SOUTH KOREA,82,KR,South Korea-SK,0.04500,1
SOUTH SUDAN,,SS,South Sudan-MTN,0.01000,1
SOUTH SUDAN,,SS,South Sudan-Others,0.01000,1
SOUTH SUDAN,,SS,South Sudan-Vivacell,0.01000,1
SOUTH SUDAN,,SS,South Sudan-Zain,0.01000,1
SPAIN,34,ES,Spain-Movistar,0.07200,1
SPAIN,34,ES,Spain-Orange,0.07200,1
SPAIN,34,ES,Spain-Other Networks,0.07200,1
SPAIN,34,ES,Spain-Vodafone,0.07200,1
SPAIN,34,ES,Spain-Yoigo,0.07200,1
SRI LANKA,94,LK,Sri Lanka-Bharti,0.03200,1
SRI LANKA,94,LK,Sri Lanka-Dialog,0.01800,1
SRI LANKA,94,LK,Sri Lanka-Etisalat,0.00880,1
SRI LANKA,94,LK,Sri Lanka-Hutchison,0.01000,1
SRI LANKA,94,LK,Sri Lanka-Mobitel,0.00880,1
SUDAN,249,SD,Sudan-MTN,0.02200,1
SUDAN,249,SD,Sudan-Sudani One,0.06500,1
SUDAN,249,SD,Sudan-Zain,0.01000,1
SURINAME,597,SR,Suriname-Digicel,0.00880,1
SURINAME,597,SR,Suriname-Others,0.01000,1
SURINAME,597,SR,Suriname-Telesur,0.01000,1
SWAZILAND,268,SZ,Swaziland-Others,0.00880,1
SWAZILAND,268,SZ,Swaziland-Swazi MTN,0.00880,1
SWEDEN,46,SE,Sweden - 3 (Hi3G Access AB),0.03400,1
SWEDEN,46,SE,Sweden - Other,0.05000,1
SWEDEN,46,SE,Sweden - Telenor Connexion AB,0.05000,1
SWEDEN,46,SE,Sweden - Telenor Sverige AB,0.05000,1
SWEDEN,46,SE,Sweden - TeliaSonera Mobile Networks AB,0.05000,1
SWEDEN,46,SE,Sweden-Lycamobile,0.05000,1
SWEDEN,46,SE,Sweden-Tele2,0.03400,1
SWITZERLAND,41,CH,Switzerland-IN&Phone,0.06500,1
SWITZERLAND,41,CH,Switzerland-Orange,0.04000,1
SWITZERLAND,41,CH,Switzerland-Sunrise,0.04000,1
SWITZERLAND,41,CH,Switzerland-Swisscom,0.03400,1
SYRIAN ARAB REPUBLIC,963,SY,Syria-MTN,0.02500,1
SYRIAN ARAB REPUBLIC,963,SY,Syria-Syriatel,0.02800,1
"TAIWAN, PROVINCE OF CHINA",886,TW,Taiwan-Chunghwa,0.02100,1
"TAIWAN, PROVINCE OF CHINA",886,TW,Taiwan-Far EasTone,0.01000,1
"TAIWAN, PROVINCE OF CHINA",886,TW,Taiwan-Others,0.02100,1
"TAIWAN, PROVINCE OF CHINA",886,TW,Taiwan-Taiwan Mobile,0.00880,1
"TAIWAN, PROVINCE OF CHINA",886,TW,Taiwan-VIBO,0.00880,1
TAJIKISTAN,992,TJ,Tajikistan-Babilon-M,0.00880,1
TAJIKISTAN,992,TJ,Tajikistan-Beeline,0.00880,1
TAJIKISTAN,992,TJ,Tajikistan-Indigo,0.00880,1
TAJIKISTAN,992,TJ,Tajikistan-Others,0.00880,1
TAJIKISTAN,992,TJ,Tajikistan-Tcell,0.00880,1
"TANZANIA, UNITED REPUBLIC OF",255,TZ,Tanzania All,0.00850,1
"TANZANIA, UNITED REPUBLIC OF",255,TZ,"Tanzania, United Republic Of-tiGO",0.00880,1
"TANZANIA, UNITED REPUBLIC OF",255,TZ,Tanzania-Airtel,0.00880,1
"TANZANIA, UNITED REPUBLIC OF",255,TZ,Tanzania-Vodacom,0.00880,1
"TANZANIA, UNITED REPUBLIC OF",255,TZ,Tanzania-Zantel,0.00880,1
THAILAND,66,TH,Thailand-AIS,0.01500,1
THAILAND,66,TH,Thailand-DTAC,0.00880,1
THAILAND,66,TH,Thailand-Others,0.06500,1
THAILAND,66,TH,Thailand-TOT,0.02200,1
THAILAND,66,TH,Thailand-TRUE,0.00880,1
TIMOR-LESTE,670,TL,Timor-Leste-Others,0.06500,1
TIMOR-LESTE,670,TL,Timor-Leste-Timor,0.06500,1
TOGO,228,TG,Togo-Others,0.02200,1
TOGO,228,TG,Togo-Togo Cell,0.02200,1
TONGA,676,TO,Tonga-Digicel,0.01000,1
TONGA,676,TO,Tonga-Others,0.01000,1
TRINIDAD AND TOBAGO,1868,TT,Trinidad and Tobago-Digicel,0.00880,1
TRINIDAD AND TOBAGO,1868,TT,Trinidad and Tobago-bmobile,0.02800,1
TUNISIA,216,TN,Tunisia-Orange,0.01000,1
TUNISIA,216,TN,Tunisia-TunTel,0.00880,1
TUNISIA,216,TN,Tunisia-Tunisiana,0.00880,1
TURKEY,90,TR,Turkey-AVEA,0.01000,1
TURKEY,90,TR,Turkey-Turkcell,0.06500,1
TURKEY,90,TR,Turkey-Vodafone,0.01000,1
TURKMENISTAN,993,TM,Turkmenistan-MTS,0.04000,1
TURKMENISTAN,993,TM,Turkmenistan-Others,0.04000,1
TURKS AND CAICOS ISLANDS,1649,TC,Turks and Caicos Islands-Digicel,0.01500,1
TURKS AND CAICOS ISLANDS,1649,TC,Turks and Caicos Islands-Islandcom,0.01500,1
TURKS AND CAICOS ISLANDS,1649,TC,Turks and Caicos Islands-LIME,0.01500,1
UNITED STATES,1,US,US,0.00650,1
UGANDA,256,UG,Uganda-Airtel,0.00880,1
UGANDA,256,UG,Uganda-MTN,0.00880,1
UGANDA,256,UG,Uganda-Orange,0.01000,1
UGANDA,256,UG,Uganda-Others,0.01000,1
UGANDA,256,UG,Uganda-Uganda,0.00880,1
UGANDA,256,UG,Uganda-Warid,0.00880,1
UKRAINE,380,UA,Ukraine-Beeline,0.01000,1
UKRAINE,380,UA,Ukraine-Intertelecom,0.01000,1
UKRAINE,380,UA,Ukraine-Kiyvstar,0.05200,1
UKRAINE,380,UA,Ukraine-MTS,0.05200,1
UKRAINE,380,UA,Ukraine-Others,0.05200,1
UKRAINE,380,UA,Ukraine-PEOPLEnet,0.01000,1
UKRAINE,380,UA,Ukraine-life:),0.05200,1
UNITED ARAB EMIRATES,971,AE,United Arab Emirates-Etisalat,0.02000,1
UNITED ARAB EMIRATES,971,AE,United Arab Emirates-Others,0.02000,1
UNITED ARAB EMIRATES,971,AE,United Arab Emirates-du,0.02000,1
UNITED KINGDOM,44,GB,United Kingdom - Other Networks,0.03900,1
UNITED KINGDOM,44,GB,United Kingdom-3,0.03700,1
UNITED KINGDOM,44,GB,United Kingdom-O2,0.03700,1
UNITED KINGDOM,44,GB,United Kingdom-Orange,0.03700,1
UNITED KINGDOM,44,GB,United Kingdom-T-Mobile,0.03700,1
UNITED KINGDOM,44,GB,United Kingdom-Vodafone,0.03700,1
URUGUAY,598,UY,Uruguay-Antel,0.02200,1
URUGUAY,598,UY,Uruguay-Claro,0.02200,1
URUGUAY,598,UY,Uruguay-Movistar,0.01000,1
URUGUAY,598,UY,Uruguay-Others,0.02200,1
UZBEKISTAN,998,UZ,Uzbekistan-Beeline,0.00880,1
UZBEKISTAN,998,UZ,Uzbekistan-MTS,0.06500,1
UZBEKISTAN,998,UZ,Uzbekistan-Others,0.06500,1
UZBEKISTAN,998,UZ,Uzbekistan-Ucell,0.00880,1
VANUATU,678,VU,Vanuatu-Digicel,0.01200,1
VANUATU,678,VU,Vanuatu-Others,0.02000,1
VANUATU,678,VU,Vanuatu-SMILE,0.02000,1
VENEZUELA,58,VE,Venezuela-Digitel,0.02200,1
VENEZUELA,58,VE,Venezuela-Movilnet,0.01000,1
VENEZUELA,58,VE,Venezuela-Movistar,0.03400,1
VENEZUELA,58,VE,Venezuela-Others,0.03400,1
VIETNAM,84,VN,Vietnam-Beeline,0.01450,1
VIETNAM,84,VN,Vietnam-MobiFone,0.06800,1
VIETNAM,84,VN,Vietnam-Others,0.06800,1
VIETNAM,84,VN,Vietnam-S-Fone,0.06500,1
VIETNAM,84,VN,Vietnam-Vietnamobile,0.01450,1
VIETNAM,84,VN,Vietnam-Viettel,0.02800,1
VIETNAM,84,VN,Vietnam-Vinaphone,0.06800,1
"VIRGIN ISLANDS, BRITISH",1284,VG,"Virgin Islands, British-CCT",0.01600,1
"VIRGIN ISLANDS, BRITISH",1284,VG,"Virgin Islands, British-Digicel",0.06500,1
"VIRGIN ISLANDS, BRITISH",1284,VG,"Virgin Islands, British-Others",0.06500,1
"VIRGIN ISLANDS, U.S.",1340,VI,"Virgin Islands, U.S.-Commnet",0.00880,1
"VIRGIN ISLANDS, U.S.",1340,VI,"Virgin Islands, U.S.-Innovative",0.00880,1
"VIRGIN ISLANDS, U.S.",1340,VI,"Virgin Islands, U.S.-Others",0.03200,1
"VIRGIN ISLANDS, U.S.",1340,VI,"Virgin Islands, U.S.-Sprint",0.00880,1
"VIRGIN ISLANDS, U.S.",1340,VI,"Virgin Islands, U.S.-Vitelcom",0.00880,1
"VIRGIN ISLANDS, U.S.",1340,VI,"Virgin Islands, U.S.-Windkeeper",0.00880,1
YEMEN,967,YE,Yemen-MTN,0.00880,1
YEMEN,967,YE,Yemen-Others,0.06800,1
YEMEN,967,YE,Yemen-Sabafon,0.00880,1
YEMEN,967,YE,Yemen-Y,0.01000,1
YEMEN,967,YE,Yemen-Yemen Mobile,0.06800,1
ZAMBIA,260,ZM,Zambia-Airtel,0.02200,1
ZAMBIA,260,ZM,Zambia-MTN,0.01000,1
ZAMBIA,260,ZM,Zambia-Others,0.02200,1
ZAMBIA,260,ZM,Zambia-Zamtel,0.01000,1
ZIMBABWE,263,ZW,Zimbabwe-Econet,0.02200,1
ZIMBABWE,263,ZW,Zimbabwe-NetOne,0.00880,1
ZIMBABWE,263,ZW,Zimbabwe-Others,0.06800,1
